slide,method,ws_regions,components,kept,deleted_oversize,deleted_undersize,secs
280120-07,original,279.0,147.0,103,24.0,20.0,0.7670204639434814
280120-07,fix_A_labels,279.0,,138,8.0,133.0,69.107177734375
280120-07,fix_B_labels_local_seeds,354.0,,129,19.0,206.0,88.75529766082764
280120-07,cellpose_sam,,,203,,,22.475048065185547
280120-08,original,103.0,74.0,40,30.0,4.0,0.6107573509216309
280120-08,fix_A_labels,103.0,,72,20.0,11.0,26.765024662017822
280120-08,fix_B_labels_local_seeds,246.0,,64,23.0,159.0,62.41058325767517
280120-08,cellpose_sam,,,113,,,7.807692527770996
280120-09,original,157.0,101.0,70,17.0,14.0,0.6678469181060791
280120-09,fix_A_labels,157.0,,90,7.0,60.0,38.80782771110535
280120-09,fix_B_labels_local_seeds,403.0,,90,11.0,302.0,100.9812114238739
280120-09,cellpose_sam,,,119,,,9.136149883270264
280120-10,original,156.0,103.0,70,28.0,5.0,0.642498254776001
280120-10,fix_A_labels,156.0,,112,14.0,30.0,38.625893115997314
280120-10,fix_B_labels_local_seeds,393.0,,109,14.0,270.0,99.75088477134705
280120-10,cellpose_sam,,,161,,,8.94033408164978
280120-11,original,169.0,125.0,89,30.0,6.0,0.7030248641967773
280120-11,fix_A_labels,169.0,,136,14.0,19.0,42.09062886238098
280120-11,fix_B_labels_local_seeds,369.0,,118,22.0,229.0,93.40987944602966
280120-11,cellpose_sam,,,169,,,11.049879550933838
280120-12,original,195.0,131.0,102,22.0,7.0,0.7040550708770752
280120-12,fix_A_labels,195.0,,111,15.0,69.0,47.959065437316895
280120-12,fix_B_labels_local_seeds,317.0,,112,19.0,186.0,79.56440353393555
280120-12,cellpose_sam,,,162,,,9.191492795944214
280120-13,original,235.0,124.0,91,23.0,10.0,0.6877944469451904
280120-13,fix_A_labels,235.0,,121,11.0,103.0,58.320855140686035
280120-13,fix_B_labels_local_seeds,394.0,,122,16.0,256.0,98.87833642959595
280120-13,cellpose_sam,,,168,,,8.796984434127808
280120-14,original,177.0,114.0,74,29.0,11.0,0.6237809658050537
280120-14,fix_A_labels,177.0,,117,17.0,43.0,43.772414445877075
280120-14,fix_B_labels_local_seeds,328.0,,102,22.0,204.0,82.24445366859436
280120-14,cellpose_sam,,,164,,,9.309983968734741
280120-15,original,145.0,100.0,73,23.0,4.0,0.6172688007354736
280120-15,fix_A_labels,145.0,,103,14.0,28.0,36.33034563064575
280120-15,fix_B_labels_local_seeds,336.0,,95,16.0,225.0,85.20834684371948
280120-15,cellpose_sam,,,122,,,8.784260988235474
280120-18,original,151.0,118.0,99,14.0,5.0,0.6712303161621094
280120-18,fix_A_labels,151.0,,118,7.0,26.0,37.22556018829346
280120-18,fix_B_labels_local_seeds,214.0,,110,11.0,93.0,53.33022713661194
280120-18,cellpose_sam,,,130,,,8.61014461517334
280120-19,original,192.0,127.0,98,19.0,10.0,0.6662821769714355
280120-19,fix_A_labels,192.0,,121,6.0,65.0,47.12207555770874
280120-19,fix_B_labels_local_seeds,311.0,,117,11.0,183.0,79.14017653465271
280120-19,cellpose_sam,,,142,,,8.883383512496948
280120-20,original,205.0,128.0,90,20.0,18.0,0.667395830154419
280120-20,fix_A_labels,205.0,,119,12.0,74.0,51.962512254714966
280120-20,fix_B_labels_local_seeds,273.0,,125,16.0,132.0,67.96540427207947
280120-20,cellpose_sam,,,180,,,9.31878924369812
280120-21,original,311.0,160.0,116,26.0,18.0,0.7411031723022461
280120-21,fix_A_labels,311.0,,136,11.0,164.0,76.43736410140991
280120-21,fix_B_labels_local_seeds,258.0,,139,15.0,104.0,64.29190444946289
280120-21,cellpose_sam,,,206,,,9.60657262802124
280120-22,original,191.0,143.0,113,23.0,7.0,0.7125046253204346
280120-22,fix_A_labels,191.0,,148,10.0,33.0,46.72119188308716
280120-22,fix_B_labels_local_seeds,211.0,,132,16.0,63.0,52.70127272605896
280120-22,cellpose_sam,,,169,,,9.438989877700806
280120-24,original,162.0,124.0,96,12.0,16.0,0.6751561164855957
280120-24,fix_A_labels,162.0,,107,4.0,51.0,39.67910432815552
280120-24,fix_B_labels_local_seeds,286.0,,105,10.0,171.0,70.48882746696472
280120-24,cellpose_sam,,,129,,,8.37892460823059
280120-26,original,216.0,118.0,98,9.0,11.0,0.6635582447052002
280120-26,fix_A_labels,216.0,,91,9.0,116.0,52.553428411483765
280120-26,fix_B_labels_local_seeds,182.0,,99,9.0,74.0,45.32208967208862
280120-26,cellpose_sam,,,126,,,8.509294033050537
280120-29,original,178.0,107.0,71,29.0,7.0,0.6398131847381592
280120-29,fix_A_labels,178.0,,118,11.0,49.0,43.597349405288696
280120-29,fix_B_labels_local_seeds,278.0,,97,23.0,158.0,68.55481696128845
280120-29,cellpose_sam,,,149,,,9.391450881958008
280120-30,original,188.0,103.0,82,15.0,6.0,0.6406590938568115
280120-30,fix_A_labels,188.0,,107,5.0,76.0,45.917755365371704
280120-30,fix_B_labels_local_seeds,337.0,,104,9.0,224.0,83.17188215255737
280120-30,cellpose_sam,,,138,,,9.311047554016113
280120-31,original,194.0,122.0,85,20.0,17.0,0.6806607246398926
280120-31,fix_A_labels,194.0,,107,11.0,76.0,47.48730444908142
280120-31,fix_B_labels_local_seeds,239.0,,116,18.0,105.0,59.09624624252319
280120-31,cellpose_sam,,,167,,,9.255685329437256
280120-35,original,187.0,116.0,76,23.0,17.0,0.6165697574615479
280120-35,fix_A_labels,187.0,,88,18.0,81.0,45.60879421234131
280120-35,fix_B_labels_local_seeds,147.0,,87,24.0,36.0,36.876450538635254
280120-35,cellpose_sam,,,142,,,9.342170476913452
280120-36,original,189.0,111.0,85,18.0,8.0,0.6408438682556152
280120-36,fix_A_labels,189.0,,95,13.0,81.0,45.901381492614746
280120-36,fix_B_labels_local_seeds,270.0,,91,19.0,160.0,67.82040095329285
280120-36,cellpose_sam,,,141,,,8.80394172668457
280120-38,original,148.0,111.0,87,13.0,11.0,0.6663060188293457
280120-38,fix_A_labels,148.0,,121,5.0,22.0,36.29389405250549
280120-38,fix_B_labels_local_seeds,367.0,,122,9.0,236.0,90.86344408988953
280120-38,cellpose_sam,,,163,,,8.831959247589111
280120-39,original,164.0,128.0,103,9.0,16.0,0.6842348575592041
280120-39,fix_A_labels,164.0,,113,5.0,46.0,40.19477701187134
280120-39,fix_B_labels_local_seeds,291.0,,124,7.0,160.0,71.90021705627441
280120-39,cellpose_sam,,,152,,,8.479543924331665
280120-40,original,109.0,85.0,66,13.0,6.0,0.6464242935180664
280120-40,fix_A_labels,109.0,,84,6.0,19.0,26.546565771102905
280120-40,fix_B_labels_local_seeds,211.0,,114,15.0,82.0,52.15851187705994
280120-40,cellpose_sam,,,144,,,9.960188388824463
280120-41,original,117.0,85.0,63,12.0,10.0,0.6169395446777344
280120-41,fix_A_labels,117.0,,76,6.0,35.0,28.461230516433716
280120-41,fix_B_labels_local_seeds,223.0,,96,18.0,109.0,55.398831605911255
280120-41,cellpose_sam,,,144,,,9.918585777282715
